,Name,Price/Night
0,Flat in Bengaluru,"₹1,349 ₹1,168 night"
1,Room in Bengaluru,"₹1,054 ₹948 night"
2,Room in Bangalore,"₹1,483 night"
3,Home in Bengaluru,"₹2,128 night"
4,Flat in Bengaluru,"₹1,643 night"
5,Flat in Bengaluru,"₹1,785 night"
6,Flat in Bengaluru,"₹1,405 night"
7,Villa in Bengaluru,"₹4,080 ₹3,540 night"
8,Room in Indiranagar,"₹1,070 night"
9,Flat in Bengaluru,"₹3,271 night"
10,Room in Bengaluru,"₹1,997 night"
11,Flat in Bengaluru,₹947 night
12,Room in Bengaluru,"₹1,370 night"
13,Room in Indiranagar,"₹1,064 ₹960 night"
14,Flat in Bengaluru,"₹2,570 ₹2,291 night"
15,Room in Bangalore,"₹3,398 night"
16,Home in Bengaluru,"₹1,799 ₹1,558 night"
17,Home in Bengaluru,"₹1,573 ₹1,362 night"
18,Flat in Bengaluru,"₹1,349 ₹1,168 night"
19,Room in Bengaluru,"₹1,054 ₹948 night"
20,Room in Bangalore,"₹1,483 night"
21,Home in Bengaluru,"₹2,128 night"
22,Flat in Bengaluru,"₹1,643 night"
23,Flat in Bengaluru,"₹1,785 night"
24,Flat in Bengaluru,"₹1,405 night"
25,Villa in Bengaluru,"₹4,080 ₹3,540 night"
26,Room in Indiranagar,"₹1,070 night"
27,Flat in Bengaluru,"₹3,271 night"
28,Room in Bengaluru,"₹1,997 night"
29,Flat in Bengaluru,₹947 night
30,Room in Bengaluru,"₹1,370 night"
31,Room in Indiranagar,"₹1,064 ₹960 night"
32,Flat in Bengaluru,"₹2,570 ₹2,291 night"
33,Room in Bangalore,"₹3,398 night"
34,Home in Bengaluru,"₹1,799 ₹1,558 night"
35,Home in Bengaluru,"₹1,573 ₹1,362 night"
36,Flat in Bengaluru,"₹1,349 ₹1,168 night"
37,Room in Bengaluru,"₹1,054 ₹948 night"
38,Room in Bangalore,"₹1,483 night"
39,Home in Bengaluru,"₹2,128 night"
40,Flat in Bengaluru,"₹1,643 night"
41,Flat in Bengaluru,"₹1,785 night"
42,Flat in Bengaluru,"₹1,405 night"
43,Villa in Bengaluru,"₹4,080 ₹3,540 night"
44,Room in Indiranagar,"₹1,070 night"
45,Flat in Bengaluru,"₹3,271 night"
46,Room in Bengaluru,"₹1,997 night"
47,Flat in Bengaluru,₹947 night
48,Room in Bengaluru,"₹1,370 night"
49,Room in Indiranagar,"₹1,064 ₹960 night"
50,Flat in Bengaluru,"₹2,570 ₹2,291 night"
51,Room in Bangalore,"₹3,398 night"
52,Home in Bengaluru,"₹1,799 ₹1,558 night"
53,Home in Bengaluru,"₹1,573 ₹1,362 night"
54,Flat in Bengaluru,"₹1,349 ₹1,168 night"
55,Room in Bengaluru,"₹1,054 ₹948 night"
56,Room in Bangalore,"₹1,483 night"
57,Home in Bengaluru,"₹2,128 night"
58,Flat in Bengaluru,"₹1,643 night"
59,Flat in Bengaluru,"₹1,785 night"
60,Flat in Bengaluru,"₹1,405 night"
61,Villa in Bengaluru,"₹4,080 ₹3,540 night"
62,Room in Indiranagar,"₹1,070 night"
63,Flat in Bengaluru,"₹3,271 night"
64,Room in Bengaluru,"₹1,997 night"
65,Flat in Bengaluru,₹947 night
66,Room in Bengaluru,"₹1,370 night"
67,Room in Indiranagar,"₹1,064 ₹960 night"
68,Flat in Bengaluru,"₹2,570 ₹2,291 night"
69,Room in Bangalore,"₹3,398 night"
70,Home in Bengaluru,"₹1,799 ₹1,558 night"
71,Home in Bengaluru,"₹1,573 ₹1,362 night"
72,Flat in Bengaluru,"₹1,349 ₹1,168 night"
73,Room in Bengaluru,"₹1,054 ₹948 night"
74,Room in Bangalore,"₹1,483 night"
75,Home in Bengaluru,"₹2,128 night"
76,Flat in Bengaluru,"₹1,643 night"
77,Flat in Bengaluru,"₹1,785 night"
78,Flat in Bengaluru,"₹1,405 night"
79,Villa in Bengaluru,"₹4,080 ₹3,540 night"
80,Room in Indiranagar,"₹1,070 night"
81,Flat in Bengaluru,"₹3,271 night"
82,Room in Bengaluru,"₹1,997 night"
83,Flat in Bengaluru,₹947 night
84,Room in Bengaluru,"₹1,370 night"
85,Room in Indiranagar,"₹1,064 ₹960 night"
86,Flat in Bengaluru,"₹2,570 ₹2,291 night"
87,Room in Bangalore,"₹3,398 night"
88,Home in Bengaluru,"₹1,799 ₹1,558 night"
89,Home in Bengaluru,"₹1,573 ₹1,362 night"
90,Flat in Bengaluru,"₹1,349 ₹1,168 night"
91,Room in Bengaluru,"₹1,054 ₹948 night"
92,Room in Bangalore,"₹1,483 night"
93,Home in Bengaluru,"₹2,128 night"
94,Flat in Bengaluru,"₹1,643 night"
95,Flat in Bengaluru,"₹1,785 night"
96,Flat in Bengaluru,"₹1,405 night"
97,Villa in Bengaluru,"₹4,080 ₹3,540 night"
98,Room in Indiranagar,"₹1,070 night"
99,Flat in Bengaluru,"₹3,271 night"
100,Room in Bengaluru,"₹1,997 night"
101,Flat in Bengaluru,₹947 night
102,Room in Bengaluru,"₹1,370 night"
103,Room in Indiranagar,"₹1,064 ₹960 night"
104,Flat in Bengaluru,"₹2,570 ₹2,291 night"
105,Room in Bangalore,"₹3,398 night"
106,Home in Bengaluru,"₹1,799 ₹1,558 night"
107,Home in Bengaluru,"₹1,573 ₹1,362 night"
108,Flat in Bengaluru,"₹1,349 ₹1,168 night"
109,Room in Bengaluru,"₹1,054 ₹948 night"
110,Room in Bangalore,"₹1,483 night"
111,Home in Bengaluru,"₹2,128 night"
112,Flat in Bengaluru,"₹1,643 night"
113,Flat in Bengaluru,"₹1,785 night"
114,Flat in Bengaluru,"₹1,405 night"
115,Villa in Bengaluru,"₹4,080 ₹3,540 night"
116,Room in Indiranagar,"₹1,070 night"
117,Flat in Bengaluru,"₹3,271 night"
118,Room in Bengaluru,"₹1,997 night"
119,Flat in Bengaluru,₹947 night
120,Room in Bengaluru,"₹1,370 night"
121,Room in Indiranagar,"₹1,064 ₹960 night"
122,Flat in Bengaluru,"₹2,570 ₹2,291 night"
123,Room in Bangalore,"₹3,398 night"
124,Home in Bengaluru,"₹1,799 ₹1,558 night"
125,Home in Bengaluru,"₹1,573 ₹1,362 night"
126,Flat in Bengaluru,"₹1,349 ₹1,168 night"
127,Room in Bengaluru,"₹1,054 ₹948 night"
128,Room in Bangalore,"₹1,483 night"
129,Home in Bengaluru,"₹2,128 night"
130,Flat in Bengaluru,"₹1,643 night"
131,Flat in Bengaluru,"₹1,785 night"
132,Flat in Bengaluru,"₹1,405 night"
133,Villa in Bengaluru,"₹4,080 ₹3,540 night"
134,Room in Indiranagar,"₹1,070 night"
135,Flat in Bengaluru,"₹3,271 night"
136,Room in Bengaluru,"₹1,997 night"
137,Flat in Bengaluru,₹947 night
138,Room in Bengaluru,"₹1,370 night"
139,Room in Indiranagar,"₹1,064 ₹960 night"
140,Flat in Bengaluru,"₹2,570 ₹2,291 night"
141,Room in Bangalore,"₹3,398 night"
142,Home in Bengaluru,"₹1,799 ₹1,558 night"
143,Home in Bengaluru,"₹1,573 ₹1,362 night"
144,Flat in Bengaluru,"₹1,349 ₹1,168 night"
145,Room in Bengaluru,"₹1,054 ₹948 night"
146,Room in Bangalore,"₹1,483 night"
147,Home in Bengaluru,"₹2,128 night"
148,Flat in Bengaluru,"₹1,643 night"
149,Flat in Bengaluru,"₹1,785 night"
150,Flat in Bengaluru,"₹1,405 night"
151,Villa in Bengaluru,"₹4,080 ₹3,540 night"
152,Room in Indiranagar,"₹1,070 night"
153,Flat in Bengaluru,"₹3,271 night"
154,Room in Bengaluru,"₹1,997 night"
155,Flat in Bengaluru,₹947 night
156,Room in Bengaluru,"₹1,370 night"
157,Room in Indiranagar,"₹1,064 ₹960 night"
158,Flat in Bengaluru,"₹2,570 ₹2,291 night"
159,Room in Bangalore,"₹3,398 night"
160,Home in Bengaluru,"₹1,799 ₹1,558 night"
161,Home in Bengaluru,"₹1,573 ₹1,362 night"
162,Flat in Bengaluru,"₹1,349 ₹1,168 night"
163,Room in Bengaluru,"₹1,054 ₹948 night"
164,Room in Bangalore,"₹1,483 night"
165,Home in Bengaluru,"₹2,128 night"
166,Flat in Bengaluru,"₹1,643 night"
167,Flat in Bengaluru,"₹1,785 night"
168,Flat in Bengaluru,"₹1,405 night"
169,Villa in Bengaluru,"₹4,080 ₹3,540 night"
170,Room in Indiranagar,"₹1,070 night"
171,Flat in Bengaluru,"₹3,271 night"
172,Room in Bengaluru,"₹1,997 night"
173,Flat in Bengaluru,₹947 night
174,Room in Bengaluru,"₹1,370 night"
175,Room in Indiranagar,"₹1,064 ₹960 night"
176,Flat in Bengaluru,"₹2,570 ₹2,291 night"
177,Room in Bangalore,"₹3,398 night"
178,Home in Bengaluru,"₹1,799 ₹1,558 night"
179,Home in Bengaluru,"₹1,573 ₹1,362 night"
180,Flat in Bengaluru,"₹1,349 ₹1,168 night"
181,Room in Bengaluru,"₹1,054 ₹948 night"
182,Room in Bangalore,"₹1,483 night"
183,Home in Bengaluru,"₹2,128 night"
184,Flat in Bengaluru,"₹1,643 night"
185,Flat in Bengaluru,"₹1,785 night"
186,Flat in Bengaluru,"₹1,405 night"
187,Villa in Bengaluru,"₹4,080 ₹3,540 night"
188,Room in Indiranagar,"₹1,070 night"
189,Flat in Bengaluru,"₹3,271 night"
190,Room in Bengaluru,"₹1,997 night"
191,Flat in Bengaluru,₹947 night
192,Room in Bengaluru,"₹1,370 night"
193,Room in Indiranagar,"₹1,064 ₹960 night"
194,Flat in Bengaluru,"₹2,570 ₹2,291 night"
195,Room in Bangalore,"₹3,398 night"
196,Home in Bengaluru,"₹1,799 ₹1,558 night"
197,Home in Bengaluru,"₹1,573 ₹1,362 night"
198,Flat in Bengaluru,"₹1,349 ₹1,168 night"
199,Room in Bengaluru,"₹1,054 ₹948 night"
200,Room in Bangalore,"₹1,483 night"
201,Home in Bengaluru,"₹2,128 night"
202,Flat in Bengaluru,"₹1,643 night"
203,Flat in Bengaluru,"₹1,785 night"
204,Flat in Bengaluru,"₹1,405 night"
205,Villa in Bengaluru,"₹4,080 ₹3,540 night"
206,Room in Indiranagar,"₹1,070 night"
207,Flat in Bengaluru,"₹3,271 night"
208,Room in Bengaluru,"₹1,997 night"
209,Flat in Bengaluru,₹947 night
210,Room in Bengaluru,"₹1,370 night"
211,Room in Indiranagar,"₹1,064 ₹960 night"
212,Flat in Bengaluru,"₹2,570 ₹2,291 night"
213,Room in Bangalore,"₹3,398 night"
214,Home in Bengaluru,"₹1,799 ₹1,558 night"
215,Home in Bengaluru,"₹1,573 ₹1,362 night"
216,Flat in Bengaluru,"₹1,349 ₹1,168 night"
217,Room in Bengaluru,"₹1,054 ₹948 night"
218,Room in Bangalore,"₹1,483 night"
219,Home in Bengaluru,"₹2,128 night"
220,Flat in Bengaluru,"₹1,643 night"
221,Flat in Bengaluru,"₹1,785 night"
222,Flat in Bengaluru,"₹1,405 night"
223,Villa in Bengaluru,"₹4,080 ₹3,540 night"
224,Room in Indiranagar,"₹1,070 night"
225,Flat in Bengaluru,"₹3,271 night"
226,Room in Bengaluru,"₹1,997 night"
227,Flat in Bengaluru,₹947 night
228,Room in Bengaluru,"₹1,370 night"
229,Room in Indiranagar,"₹1,064 ₹960 night"
230,Flat in Bengaluru,"₹2,570 ₹2,291 night"
231,Room in Bangalore,"₹3,398 night"
232,Home in Bengaluru,"₹1,799 ₹1,558 night"
233,Home in Bengaluru,"₹1,573 ₹1,362 night"
